MouseX,MouseY,MouseZ,LycaonX,LycaonY,LycaonZ,ElapsedTime
5.9,39.7,-551,-0.3,3.6,-487,61.542
5.9,39.7,-551,-0.3,3.6,-487,64.055
20.6945,0.3312187,-489.9252,-0.3,3.6,-487,64.888
-2.688627,0.6897697,-492.3798,-0.3,3.6,-487,66.137
5.413269,1.302845,-483.8291,-0.3,3.6,-487,72.382
-5.24393,0.6583214,-489.4671,-0.3,3.6,-487,74.264
9.036918,0.6996689,-475.9481,-0.3,3.6,-487,75.909
10.34659,-9.545826,-439.7587,-0.3,3.6,-487,84.374
-17.32243,-0.8490753,-437.5097,-0.3,3.6,-487,85.706
