MouseX,MouseY,MouseZ,nectarX,nectarY,nectarZ,TaskTime,width,GameTime
258.0019,346.006,93.4606,376.2861,332.39,67.52495,0.6438233,102.5784,5.584
315.9977,377.0075,98.48219,385.267,487.3794,89.14964,0.9743019,77.7326,10.536
268.0017,395.0065,116.5361,400.7247,244.8081,47.69589,0.7908481,147.1489,15.155
