MouseX,MouseY,MouseZ,nectarX,nectarY,nectarZ,TaskTime,width,GameTime
396.9867,259.018,76.88933,230.6222,404.9686,80.3138,3.681,16.39098,9.093
388.9899,272.0153,79.88586,147.4142,241.0083,39.55192,1.816,31.84944,13.767
314.9962,283.0149,75.60913,332.5314,362.6418,87.2771,3.609,15.92712,22.093
305.998,354.0121,96.5755,333.3517,476.1258,71.42351,0.5852599,96.40216,5.642
326.9966,460.0016,141.5824,318.7679,501.6155,86.16267,0.692533,80.18649,10.724
324.9973,355.0052,76.18619,323.3585,450.4538,69.86588,2.193898,99.75336,18.055
