MouseX,MouseY,MouseZ,nectarX,nectarY,nectarZ,ElapsedTime,width
319.9961,239.0176,69.932,294.655,234.4618,40.03986,3.108,34.01276
318.9958,301.0126,111.557,263.519,399.5891,51.54448,3.366,25.9473
