MouseX,MouseY,MouseZ,nectarX,nectarY,nectarZ,TaskTime,width,GameTime
396.9867,259.018,76.88933,230.6222,404.9686,80.3138,3.681,16.39098,9.093
388.9899,272.0153,79.88586,147.4142,241.0083,39.55192,1.816,31.84944,13.767
314.9962,283.0149,75.60913,332.5314,362.6418,87.2771,3.609,15.92712,22.093
